{
    "size": 431080,
    "size_nz": 107770,
    "compression_ratio": 4.0,
    "flops": 4397000,
    "flops_nz": 1841755.0,
    "theoretical_speedup": 2.387396803592226,
    "loss": 0.017959490654212013,
    "val_acc1": 0.13380142405063297,
    "val_acc5": 0.5086036392405064
}