{
    "size": 431080,
    "size_nz": 13472,
    "compression_ratio": 31.998218527315913,
    "flops": 4397000,
    "flops_nz": 1099367.0,
    "theoretical_speedup": 3.999574300483824,
    "loss": 0.01800164080496077,
    "val_acc1": 0.08821202531645572,
    "val_acc5": 0.4229628164556962
}