{
    "size": 431080,
    "size_nz": 431080,
    "compression_ratio": 1.0,
    "flops": 4397000,
    "flops_nz": 4397000.0,
    "theoretical_speedup": 1.0,
    "loss": 0.018047125444193433,
    "val_acc1": 0.10136471518987342,
    "val_acc5": 0.5206685126582279
}