{
    "size": 431080,
    "size_nz": 215540,
    "compression_ratio": 2.0,
    "flops": 4397000,
    "flops_nz": 2175128.0,
    "theoretical_speedup": 2.0214902295405146,
    "loss": 0.018025942028889165,
    "val_acc1": 0.07812500000000003,
    "val_acc5": 0.4936708860759492
}