{
    "size": 431080,
    "size_nz": 13473,
    "compression_ratio": 31.995843538929712,
    "flops": 4397000,
    "flops_nz": 92352.0,
    "theoretical_speedup": 47.61131323631324,
    "loss": 0.01799529078829137,
    "val_acc1": 0.08821202531645572,
    "val_acc5": 0.4961431962025317
}