{
    "size": 431080,
    "size_nz": 53862,
    "compression_ratio": 8.003416137536668,
    "flops": 4397000,
    "flops_nz": 522646.0,
    "theoretical_speedup": 8.41296020633469,
    "loss": 0.017995660110742235,
    "val_acc1": 0.08821202531645572,
    "val_acc5": 0.4552017405063291
}