{
    "size": 431080,
    "size_nz": 26825,
    "compression_ratio": 16.07008387698043,
    "flops": 4397000,
    "flops_nz": 231241.0,
    "theoretical_speedup": 19.014794089283473,
    "loss": 0.017994608399988735,
    "val_acc1": 0.08821202531645572,
    "val_acc5": 0.4961431962025317
}