{
    "size": 431080,
    "size_nz": 53885,
    "compression_ratio": 8.0,
    "flops": 4397000,
    "flops_nz": 1418694.0,
    "theoretical_speedup": 3.0993293832214697,
    "loss": 0.0179687155339914,
    "val_acc1": 0.10729825949367086,
    "val_acc5": 0.5657634493670886
}