{
    "size": 431080,
    "size_nz": 107772,
    "compression_ratio": 3.9999257692164942,
    "flops": 4397000,
    "flops_nz": 1064657.0,
    "theoretical_speedup": 4.129968619001237,
    "loss": 0.01796723871574371,
    "val_acc1": 0.13291139240506333,
    "val_acc5": 0.5351068037974678
}