{
    "size": 431080,
    "size_nz": 6736,
    "compression_ratio": 63.996437054631826,
    "flops": 4397000,
    "flops_nz": 499624.0,
    "theoretical_speedup": 8.800618064784718,
    "loss": 0.017995241982272914,
    "val_acc1": 0.08821202531645572,
    "val_acc5": 0.4961431962025317
}