{
    "size": 431080,
    "size_nz": 6729,
    "compression_ratio": 64.06301084856591,
    "flops": 4397000,
    "flops_nz": 19730.0,
    "theoretical_speedup": 222.85859097820577,
    "loss": 0.017995241982272914,
    "val_acc1": 0.08821202531645572,
    "val_acc5": 0.4961431962025317
}