{
    "size": 431080,
    "size_nz": 431080,
    "compression_ratio": 1.0,
    "flops": 4397000,
    "flops_nz": 4397000.0,
    "theoretical_speedup": 1.0,
    "loss": 0.018010207322202147,
    "val_acc1": 0.06200553797468354,
    "val_acc5": 0.4844738924050634
}