,module,param,comp,size,shape,prunable
0,conv1,weight,1.2195122057593062,500,"(20, 1, 5, 5)",True
1,conv1,bias,1.2499999813735487,20,"(20,)",True
2,conv2,weight,4.172926099591791,25000,"(50, 20, 5, 5)",True
3,conv2,bias,2.380952455289242,50,"(50,)",True
4,fc1,weight,25.85315517558706,400000,"(500, 800)",True
5,fc1,bias,21.739130392529788,500,"(500,)",True
6,fc2,weight,1.0,5000,"(10, 500)",False
7,fc2,bias,1.0,10,"(10,)",False
