{
    "size": 431080,
    "size_nz": 53888,
    "compression_ratio": 7.999554631828978,
    "flops": 4397000,
    "flops_nz": 509349.0,
    "theoretical_speedup": 8.632587871969907,
    "loss": 0.01798690622082994,
    "val_acc1": 0.09196993670886075,
    "val_acc5": 0.5102848101265822
}