{
    "size": 431080,
    "size_nz": 6741,
    "compression_ratio": 63.94896899569797,
    "flops": 4397000,
    "flops_nz": 23661.0,
    "theoretical_speedup": 185.83322767423186,
    "loss": 0.017995020374655724,
    "val_acc1": 0.08821202531645572,
    "val_acc5": 0.4961431962025317
}