{
    "size": 431080,
    "size_nz": 26944,
    "compression_ratio": 15.999109263657957,
    "flops": 4397000,
    "flops_nz": 231303.0,
    "theoretical_speedup": 19.009697236957585,
    "loss": 0.01799496286843396,
    "val_acc1": 0.08821202531645572,
    "val_acc5": 0.4894185126582279
}