{
    "size": 431080,
    "size_nz": 13452,
    "compression_ratio": 32.045792447219746,
    "flops": 4397000,
    "flops_nz": 91396.0,
    "theoretical_speedup": 48.10932644754694,
    "loss": 0.017995100114730347,
    "val_acc1": 0.08821202531645572,
    "val_acc5": 0.4961431962025317
}