{
    "size": 431080,
    "size_nz": 107785,
    "compression_ratio": 3.999443336271281,
    "flops": 4397000,
    "flops_nz": 1059236.0,
    "theoretical_speedup": 4.1511051361547375,
    "loss": 0.018000863610377796,
    "val_acc1": 0.08821202531645572,
    "val_acc5": 0.45045490506329106
}