{
    "size": 431080,
    "size_nz": 215329,
    "compression_ratio": 2.001959791760515,
    "flops": 4397000,
    "flops_nz": 2161603.0,
    "theoretical_speedup": 2.0341385536567076,
    "loss": 0.018005753360405743,
    "val_acc1": 0.07941060126582278,
    "val_acc5": 0.49367088607594933
}