{
    "size": 431080,
    "size_nz": 26943,
    "compression_ratio": 15.999703076865977,
    "flops": 4397000,
    "flops_nz": 1204616.0,
    "theoretical_speedup": 3.6501258492332824,
    "loss": 0.017995405352756944,
    "val_acc1": 0.0546875,
    "val_acc5": 0.5000988924050634
}