{
    "size": 431080,
    "size_nz": 215540,
    "compression_ratio": 2.0,
    "flops": 4397000,
    "flops_nz": 2711517.0,
    "theoretical_speedup": 1.6216014872855307,
    "loss": 0.01805115583105177,
    "val_acc1": 0.07258702531645568,
    "val_acc5": 0.4861550632911393
}